Pool,job,cost,Cj_initial,Cj_final,Diff_Cj,Tj_initial,Tj_final,Diff_Tj,Tj_initial_pondere,Tj_final_pondere,Diff_Tj_ponderee,Cmax,dj
Existants,J1,0.95,42,42,0,0,0,0,0.0,0.0,0.0,551,88
Existants,J2,0.89,157,157,0,67,67,0,59.63,59.63,0.0,551,90
Existants,J3,0.97,111,111,0,0,0,0,0.0,0.0,0.0,551,140
Nouveaux acceptés,J4,0.37,,459,,,184,,,68.82,,551,275
Nouveaux acceptés,J5,0.26,,316,,,93,,,24.62,,551,223
Nouveaux acceptés,J6,0.34,,414,,,167,,,57.5,,551,247
Nouveaux acceptés,J7,0.3,,551,,,299,,,89.1,,551,252
Nouveaux acceptés,J8,0.27,,344,,,73,,,19.38,,551,271
Nouveaux acceptés,J9,0.08,,194,,,0,,,0.0,,551,235
