size,instance,path,status,nb_orders,nb_jobs,cmax,total_delay,computation_time_sec,error
s,instance_1.json,data/orders_instances/test/s/instance_1.json,OK,2,6,285,387,0.0406308330129832,
s,instance_10.json,data/orders_instances/test/s/instance_10.json,OK,2,2,111,0,0.003704542003106326,
s,instance_11.json,data/orders_instances/test/s/instance_11.json,OK,2,4,69,0,0.01234266598476097,
s,instance_12.json,data/orders_instances/test/s/instance_12.json,OK,2,6,355,303,0.04736945795593783,
s,instance_13.json,data/orders_instances/test/s/instance_13.json,OK,2,2,114,11,0.003965874959249049,
s,instance_14.json,data/orders_instances/test/s/instance_14.json,OK,2,6,255,158,0.03182100004050881,
s,instance_15.json,data/orders_instances/test/s/instance_15.json,OK,2,6,349,378,0.040844583010766655,
s,instance_16.json,data/orders_instances/test/s/instance_16.json,OK,2,2,97,0,0.006739709002431482,
s,instance_17.json,data/orders_instances/test/s/instance_17.json,OK,2,4,164,49,0.0297813750221394,
s,instance_18.json,data/orders_instances/test/s/instance_18.json,OK,2,2,142,0,0.005841500009410083,
s,instance_19.json,data/orders_instances/test/s/instance_19.json,OK,2,2,136,0,0.0036801249952986836,
s,instance_2.json,data/orders_instances/test/s/instance_2.json,OK,2,2,108,0,0.00884358398616314,
s,instance_20.json,data/orders_instances/test/s/instance_20.json,OK,2,2,129,0,0.004080166982021183,
s,instance_21.json,data/orders_instances/test/s/instance_21.json,OK,2,6,238,271,0.029033083003014326,
s,instance_22.json,data/orders_instances/test/s/instance_22.json,OK,2,4,129,7,0.016571832995396107,
s,instance_23.json,data/orders_instances/test/s/instance_23.json,OK,2,6,416,740,0.09560562501428649,
s,instance_24.json,data/orders_instances/test/s/instance_24.json,OK,2,4,158,88,0.022015833004843444,
s,instance_25.json,data/orders_instances/test/s/instance_25.json,OK,2,6,237,318,0.045877916971221566,
s,instance_26.json,data/orders_instances/test/s/instance_26.json,OK,2,6,216,180,0.07664883299730718,
s,instance_27.json,data/orders_instances/test/s/instance_27.json,OK,2,4,235,142,0.05239104200154543,
s,instance_28.json,data/orders_instances/test/s/instance_28.json,OK,2,2,148,2,0.00850766705116257,
s,instance_29.json,data/orders_instances/test/s/instance_29.json,OK,2,2,117,0,0.009420083020813763,
s,instance_3.json,data/orders_instances/test/s/instance_3.json,OK,2,2,115,0,0.003949917037971318,
s,instance_30.json,data/orders_instances/test/s/instance_30.json,OK,2,2,73,0,0.003920125018339604,
s,instance_31.json,data/orders_instances/test/s/instance_31.json,OK,2,2,149,0,0.008532167004887015,
s,instance_32.json,data/orders_instances/test/s/instance_32.json,OK,2,6,235,143,0.062077749986201525,
s,instance_33.json,data/orders_instances/test/s/instance_33.json,OK,2,2,171,0,0.009173917002044618,
s,instance_34.json,data/orders_instances/test/s/instance_34.json,OK,2,6,236,215,0.03532179200556129,
s,instance_35.json,data/orders_instances/test/s/instance_35.json,OK,2,4,146,26,0.016625249991193414,
s,instance_36.json,data/orders_instances/test/s/instance_36.json,OK,2,2,177,0,0.00859958300134167,
s,instance_37.json,data/orders_instances/test/s/instance_37.json,OK,2,4,121,6,0.014313250023405999,
s,instance_38.json,data/orders_instances/test/s/instance_38.json,OK,2,6,235,120,0.03716437501134351,
s,instance_39.json,data/orders_instances/test/s/instance_39.json,OK,2,6,273,316,0.05047404201468453,
s,instance_4.json,data/orders_instances/test/s/instance_4.json,OK,2,2,166,12,0.013517333019990474,
s,instance_40.json,data/orders_instances/test/s/instance_40.json,OK,2,6,297,178,0.03425762499682605,
s,instance_41.json,data/orders_instances/test/s/instance_41.json,OK,2,6,194,133,0.03423891600687057,
s,instance_42.json,data/orders_instances/test/s/instance_42.json,OK,2,2,156,0,0.011150708014611155,
s,instance_43.json,data/orders_instances/test/s/instance_43.json,OK,2,6,163,134,0.04851229197811335,
s,instance_44.json,data/orders_instances/test/s/instance_44.json,OK,2,4,255,73,0.021050999988801777,
s,instance_45.json,data/orders_instances/test/s/instance_45.json,OK,2,2,120,0,0.003756499965675175,
s,instance_46.json,data/orders_instances/test/s/instance_46.json,OK,2,2,184,8,0.007685000018682331,
s,instance_47.json,data/orders_instances/test/s/instance_47.json,OK,2,2,165,34,0.0057305830414406955,
s,instance_48.json,data/orders_instances/test/s/instance_48.json,OK,2,4,164,19,0.020329541992396116,
s,instance_49.json,data/orders_instances/test/s/instance_49.json,OK,2,2,163,0,0.005985374969895929,
s,instance_5.json,data/orders_instances/test/s/instance_5.json,OK,2,2,184,0,0.007497917045839131,
s,instance_50.json,data/orders_instances/test/s/instance_50.json,OK,2,6,330,199,0.04360366699984297,
s,instance_6.json,data/orders_instances/test/s/instance_6.json,OK,2,4,225,93,0.01591170800384134,
s,instance_7.json,data/orders_instances/test/s/instance_7.json,OK,2,6,169,67,0.028107792022638023,
s,instance_8.json,data/orders_instances/test/s/instance_8.json,OK,2,4,138,9,0.022481875028461218,
s,instance_9.json,data/orders_instances/test/s/instance_9.json,OK,2,4,181,53,0.022981999965850264,
m,instance_1.json,data/orders_instances/test/m/instance_1.json,OK,3,6,303,145,0.024512709002010524,
m,instance_10.json,data/orders_instances/test/m/instance_10.json,OK,3,12,386,362,0.0748708340106532,
m,instance_11.json,data/orders_instances/test/m/instance_11.json,OK,3,12,381,445,0.08366175001719967,
m,instance_12.json,data/orders_instances/test/m/instance_12.json,OK,3,6,335,231,0.03531095897778869,
m,instance_13.json,data/orders_instances/test/m/instance_13.json,OK,3,12,363,512,0.1306896249880083,
m,instance_14.json,data/orders_instances/test/m/instance_14.json,OK,3,6,317,147,0.031006542034447193,
m,instance_15.json,data/orders_instances/test/m/instance_15.json,OK,3,12,358,378,0.10023824998643249,
m,instance_16.json,data/orders_instances/test/m/instance_16.json,OK,3,9,405,285,0.058530583046376705,
m,instance_17.json,data/orders_instances/test/m/instance_17.json,OK,3,9,294,204,0.050368666008580476,
m,instance_18.json,data/orders_instances/test/m/instance_18.json,OK,3,12,358,661,0.1887194580049254,
m,instance_19.json,data/orders_instances/test/m/instance_19.json,OK,3,6,277,159,0.04814445902593434,
m,instance_2.json,data/orders_instances/test/m/instance_2.json,OK,3,9,183,75,0.05012170801637694,
m,instance_20.json,data/orders_instances/test/m/instance_20.json,OK,3,6,284,189,0.036803958006203175,
m,instance_21.json,data/orders_instances/test/m/instance_21.json,OK,3,6,243,88,0.04349741694750264,
m,instance_22.json,data/orders_instances/test/m/instance_22.json,OK,3,6,262,124,0.03565204096958041,
m,instance_23.json,data/orders_instances/test/m/instance_23.json,OK,3,9,254,172,0.06799408298684284,
m,instance_24.json,data/orders_instances/test/m/instance_24.json,OK,3,12,359,552,0.20875008299481124,
m,instance_25.json,data/orders_instances/test/m/instance_25.json,OK,3,6,227,67,0.026109166035894305,
m,instance_26.json,data/orders_instances/test/m/instance_26.json,OK,3,6,279,165,0.05598541704239324,
m,instance_27.json,data/orders_instances/test/m/instance_27.json,OK,3,9,463,408,0.058783458021935076,
m,instance_28.json,data/orders_instances/test/m/instance_28.json,OK,3,6,277,85,0.03454545798012987,
m,instance_29.json,data/orders_instances/test/m/instance_29.json,OK,3,9,401,383,0.07371483300812542,
m,instance_3.json,data/orders_instances/test/m/instance_3.json,OK,3,6,226,155,0.025207375001627952,
m,instance_30.json,data/orders_instances/test/m/instance_30.json,OK,3,9,373,285,0.07441604096675292,
m,instance_31.json,data/orders_instances/test/m/instance_31.json,OK,3,9,344,183,0.05685862503014505,
m,instance_32.json,data/orders_instances/test/m/instance_32.json,OK,3,6,237,54,0.026086208992637694,
m,instance_33.json,data/orders_instances/test/m/instance_33.json,OK,3,12,225,152,0.060046832950320095,
m,instance_34.json,data/orders_instances/test/m/instance_34.json,OK,3,9,325,285,0.060496667050756514,
m,instance_35.json,data/orders_instances/test/m/instance_35.json,OK,3,6,316,235,0.03071558300871402,
m,instance_36.json,data/orders_instances/test/m/instance_36.json,OK,3,9,430,588,0.11738483404042199,
m,instance_37.json,data/orders_instances/test/m/instance_37.json,OK,3,9,265,238,0.07243504200596362,
m,instance_38.json,data/orders_instances/test/m/instance_38.json,OK,3,6,337,162,0.04171608301112428,
m,instance_39.json,data/orders_instances/test/m/instance_39.json,OK,3,12,289,283,0.10704400000395253,
m,instance_4.json,data/orders_instances/test/m/instance_4.json,OK,3,9,355,186,0.04272783297346905,
m,instance_40.json,data/orders_instances/test/m/instance_40.json,OK,3,9,283,300,0.058041750045958906,
m,instance_41.json,data/orders_instances/test/m/instance_41.json,OK,3,6,325,84,0.03787379199638963,
m,instance_42.json,data/orders_instances/test/m/instance_42.json,OK,3,9,431,653,0.07017683301819488,
m,instance_43.json,data/orders_instances/test/m/instance_43.json,OK,3,12,480,711,0.2951081670471467,
m,instance_44.json,data/orders_instances/test/m/instance_44.json,OK,3,12,303,293,0.1344328750274144,
m,instance_45.json,data/orders_instances/test/m/instance_45.json,OK,3,9,291,301,0.06945445801829919,
m,instance_46.json,data/orders_instances/test/m/instance_46.json,OK,3,9,483,590,0.09559041605098173,
m,instance_47.json,data/orders_instances/test/m/instance_47.json,OK,3,12,272,302,0.08025600004475564,
m,instance_48.json,data/orders_instances/test/m/instance_48.json,OK,3,12,203,51,0.06603679101681337,
m,instance_49.json,data/orders_instances/test/m/instance_49.json,OK,3,6,296,156,0.053570999996736646,
m,instance_5.json,data/orders_instances/test/m/instance_5.json,OK,3,9,388,262,0.06307308399118483,
m,instance_50.json,data/orders_instances/test/m/instance_50.json,OK,3,6,260,77,0.038028999988455325,
m,instance_6.json,data/orders_instances/test/m/instance_6.json,OK,3,6,426,299,0.04704762500477955,
m,instance_7.json,data/orders_instances/test/m/instance_7.json,OK,3,6,209,79,0.035817208990920335,
m,instance_8.json,data/orders_instances/test/m/instance_8.json,OK,3,12,410,510,0.11838895798427984,
m,instance_9.json,data/orders_instances/test/m/instance_9.json,OK,3,12,331,310,0.08907345798797905,
l,instance_1.json,data/orders_instances/test/l/instance_1.json,OK,3,18,378,525,0.0931010419735685,
l,instance_10.json,data/orders_instances/test/l/instance_10.json,OK,3,18,434,949,0.23282058298354968,
l,instance_11.json,data/orders_instances/test/l/instance_11.json,OK,3,12,486,737,0.18252316600410268,
l,instance_12.json,data/orders_instances/test/l/instance_12.json,OK,3,15,295,451,0.10211549996165559,
l,instance_13.json,data/orders_instances/test/l/instance_13.json,OK,3,15,371,755,0.1457198330317624,
l,instance_14.json,data/orders_instances/test/l/instance_14.json,OK,3,15,477,794,0.12302220799028873,
l,instance_15.json,data/orders_instances/test/l/instance_15.json,OK,3,15,331,401,0.09919637499842793,
l,instance_16.json,data/orders_instances/test/l/instance_16.json,OK,3,12,409,598,0.1400071670068428,
l,instance_17.json,data/orders_instances/test/l/instance_17.json,OK,3,12,563,1035,0.1795721249654889,
l,instance_18.json,data/orders_instances/test/l/instance_18.json,OK,3,18,361,487,0.22851245803758502,
l,instance_19.json,data/orders_instances/test/l/instance_19.json,OK,3,12,410,482,0.09725191601319239,
l,instance_2.json,data/orders_instances/test/l/instance_2.json,OK,3,18,374,569,0.1817487080115825,
l,instance_20.json,data/orders_instances/test/l/instance_20.json,OK,3,12,441,858,0.18615366698941216,
l,instance_21.json,data/orders_instances/test/l/instance_21.json,OK,3,15,376,318,0.07355999998981133,
l,instance_22.json,data/orders_instances/test/l/instance_22.json,OK,3,12,352,448,0.08861608302686363,
l,instance_23.json,data/orders_instances/test/l/instance_23.json,OK,3,12,267,188,0.06453070900170133,
l,instance_24.json,data/orders_instances/test/l/instance_24.json,OK,3,18,246,352,0.11225800000829622,
l,instance_25.json,data/orders_instances/test/l/instance_25.json,OK,3,15,468,1146,0.16709858301328495,
l,instance_26.json,data/orders_instances/test/l/instance_26.json,OK,3,15,363,647,0.18176666705403477,
l,instance_27.json,data/orders_instances/test/l/instance_27.json,OK,3,15,443,683,0.14162733301054686,
l,instance_28.json,data/orders_instances/test/l/instance_28.json,OK,3,15,237,239,0.09910358401248232,
l,instance_29.json,data/orders_instances/test/l/instance_29.json,OK,3,12,404,662,0.12754812504863366,
l,instance_3.json,data/orders_instances/test/l/instance_3.json,OK,3,12,361,569,0.0969952919986099,
l,instance_30.json,data/orders_instances/test/l/instance_30.json,OK,3,15,320,401,0.1103195000323467,
l,instance_31.json,data/orders_instances/test/l/instance_31.json,OK,3,15,420,573,0.1266860410105437,
l,instance_32.json,data/orders_instances/test/l/instance_32.json,OK,3,18,447,949,0.18687091703759506,
l,instance_33.json,data/orders_instances/test/l/instance_33.json,OK,3,12,427,468,0.09555029100738466,
l,instance_34.json,data/orders_instances/test/l/instance_34.json,OK,3,18,295,281,0.09565924998605624,
l,instance_35.json,data/orders_instances/test/l/instance_35.json,OK,3,12,256,193,0.04604579199803993,
l,instance_36.json,data/orders_instances/test/l/instance_36.json,OK,3,12,305,411,0.08373016695259139,
l,instance_37.json,data/orders_instances/test/l/instance_37.json,OK,3,12,262,248,0.09305737499380484,
l,instance_38.json,data/orders_instances/test/l/instance_38.json,OK,3,12,370,548,0.10590379196219146,
l,instance_39.json,data/orders_instances/test/l/instance_39.json,OK,3,12,390,471,0.14930908399401233,
l,instance_4.json,data/orders_instances/test/l/instance_4.json,OK,3,18,565,1220,0.22696529200766236,
l,instance_40.json,data/orders_instances/test/l/instance_40.json,OK,3,12,383,448,0.09454570896923542,
l,instance_41.json,data/orders_instances/test/l/instance_41.json,OK,3,12,424,377,0.09937295800773427,
l,instance_42.json,data/orders_instances/test/l/instance_42.json,OK,3,12,381,420,0.08458450000034645,
l,instance_43.json,data/orders_instances/test/l/instance_43.json,OK,3,18,528,1255,0.14492358302231878,
l,instance_44.json,data/orders_instances/test/l/instance_44.json,OK,3,18,329,458,0.17898395902011544,
l,instance_45.json,data/orders_instances/test/l/instance_45.json,OK,3,12,319,528,0.11784370802342892,
l,instance_46.json,data/orders_instances/test/l/instance_46.json,OK,3,12,472,577,0.1429970419849269,
l,instance_47.json,data/orders_instances/test/l/instance_47.json,OK,3,12,480,882,0.15844574995571747,
l,instance_48.json,data/orders_instances/test/l/instance_48.json,OK,3,15,268,246,0.10645666701020673,
l,instance_49.json,data/orders_instances/test/l/instance_49.json,OK,3,12,335,380,0.08970454201335087,
l,instance_5.json,data/orders_instances/test/l/instance_5.json,OK,3,18,373,680,0.14466025005094707,
l,instance_50.json,data/orders_instances/test/l/instance_50.json,OK,3,18,447,692,0.22013620799407363,
l,instance_6.json,data/orders_instances/test/l/instance_6.json,OK,3,12,485,762,0.12209995900047943,
l,instance_7.json,data/orders_instances/test/l/instance_7.json,OK,3,12,375,461,0.12265704100718722,
l,instance_8.json,data/orders_instances/test/l/instance_8.json,OK,3,12,377,803,0.17857295798603445,
l,instance_9.json,data/orders_instances/test/l/instance_9.json,OK,3,15,398,573,0.14028904197039083,
xl,instance_1.json,data/orders_instances/test/xl/instance_1.json,OK,4,28,647,1619,0.8196819999720901,
xl,instance_10.json,data/orders_instances/test/xl/instance_10.json,OK,4,28,499,1051,0.32253054197644815,
xl,instance_11.json,data/orders_instances/test/xl/instance_11.json,OK,4,36,566,1647,1.185181749984622,
xl,instance_12.json,data/orders_instances/test/xl/instance_12.json,OK,4,28,705,2232,0.7067469999892637,
xl,instance_13.json,data/orders_instances/test/xl/instance_13.json,OK,4,24,615,1089,0.2590217090328224,
xl,instance_14.json,data/orders_instances/test/xl/instance_14.json,OK,4,28,502,1188,0.34547629102598876,
xl,instance_15.json,data/orders_instances/test/xl/instance_15.json,OK,4,28,612,1343,0.45774695801083,
xl,instance_16.json,data/orders_instances/test/xl/instance_16.json,OK,4,32,529,1180,0.3209347079973668,
xl,instance_17.json,data/orders_instances/test/xl/instance_17.json,OK,4,36,526,1428,0.8925520830089226,
xl,instance_18.json,data/orders_instances/test/xl/instance_18.json,OK,4,32,681,1975,0.4980263339821249,
xl,instance_19.json,data/orders_instances/test/xl/instance_19.json,OK,4,36,629,1669,0.5481621670187451,
xl,instance_2.json,data/orders_instances/test/xl/instance_2.json,OK,4,32,395,581,0.24916062504053116,
xl,instance_20.json,data/orders_instances/test/xl/instance_20.json,OK,4,32,588,1499,0.4232141670072451,
xl,instance_21.json,data/orders_instances/test/xl/instance_21.json,OK,4,36,496,1257,0.4476290420279838,
xl,instance_22.json,data/orders_instances/test/xl/instance_22.json,OK,4,40,660,1772,0.638269749993924,
xl,instance_23.json,data/orders_instances/test/xl/instance_23.json,OK,4,28,647,1878,0.738265499996487,
xl,instance_24.json,data/orders_instances/test/xl/instance_24.json,OK,4,36,579,1738,0.5710895000374876,
xl,instance_25.json,data/orders_instances/test/xl/instance_25.json,OK,4,36,556,1310,0.3490359589923173,
xl,instance_26.json,data/orders_instances/test/xl/instance_26.json,OK,4,36,695,1729,0.5114606250426732,
xl,instance_27.json,data/orders_instances/test/xl/instance_27.json,OK,4,24,533,1256,0.5103276249719784,
xl,instance_28.json,data/orders_instances/test/xl/instance_28.json,OK,4,28,530,1289,0.43050591700011864,
xl,instance_29.json,data/orders_instances/test/xl/instance_29.json,OK,4,40,864,2695,1.055315374978818,
xl,instance_3.json,data/orders_instances/test/xl/instance_3.json,OK,4,28,871,2626,1.4231857079430483,
xl,instance_30.json,data/orders_instances/test/xl/instance_30.json,OK,4,36,590,1520,0.533221332996618,
xl,instance_31.json,data/orders_instances/test/xl/instance_31.json,OK,4,40,525,1416,0.44641174998832867,
xl,instance_32.json,data/orders_instances/test/xl/instance_32.json,OK,4,36,592,1781,0.49999779200879857,
xl,instance_33.json,data/orders_instances/test/xl/instance_33.json,OK,4,24,557,999,0.3989522500196472,
xl,instance_34.json,data/orders_instances/test/xl/instance_34.json,OK,4,36,560,1230,0.42096420901361853,
xl,instance_35.json,data/orders_instances/test/xl/instance_35.json,OK,4,24,541,859,0.2164307499770075,
xl,instance_36.json,data/orders_instances/test/xl/instance_36.json,OK,4,36,444,725,0.3793008340289816,
xl,instance_37.json,data/orders_instances/test/xl/instance_37.json,OK,4,36,697,2192,0.6540283340145834,
xl,instance_38.json,data/orders_instances/test/xl/instance_38.json,OK,4,28,513,1059,0.36590183299267665,
xl,instance_39.json,data/orders_instances/test/xl/instance_39.json,OK,4,24,324,371,0.1409532080288045,
xl,instance_4.json,data/orders_instances/test/xl/instance_4.json,OK,4,24,490,675,0.2133064580266364,
xl,instance_40.json,data/orders_instances/test/xl/instance_40.json,OK,4,24,673,1382,0.2602349999942817,
xl,instance_41.json,data/orders_instances/test/xl/instance_41.json,OK,4,24,400,563,0.1574125419720076,
xl,instance_42.json,data/orders_instances/test/xl/instance_42.json,OK,4,24,507,834,0.39516291598556563,
xl,instance_43.json,data/orders_instances/test/xl/instance_43.json,OK,4,32,521,1103,0.43446525000035763,
xl,instance_44.json,data/orders_instances/test/xl/instance_44.json,OK,4,24,400,796,0.18563745898427442,
xl,instance_45.json,data/orders_instances/test/xl/instance_45.json,OK,4,36,595,1557,0.4953670830000192,
xl,instance_46.json,data/orders_instances/test/xl/instance_46.json,OK,4,36,609,1824,0.6234866669983603,
xl,instance_47.json,data/orders_instances/test/xl/instance_47.json,OK,4,32,549,1205,0.7117347500170581,
xl,instance_48.json,data/orders_instances/test/xl/instance_48.json,OK,4,32,505,1314,0.31225970800733194,
xl,instance_49.json,data/orders_instances/test/xl/instance_49.json,OK,4,24,497,894,0.2810062909848057,
xl,instance_5.json,data/orders_instances/test/xl/instance_5.json,OK,4,28,615,1162,0.5181557500036433,
xl,instance_50.json,data/orders_instances/test/xl/instance_50.json,OK,4,40,612,1711,0.5688167919870466,
xl,instance_51.json,data/orders_instances/test/xl/instance_51.json,OK,18,200,7349,31562,94.28323850000743,
xl,instance_6.json,data/orders_instances/test/xl/instance_6.json,OK,4,40,883,4071,2.1989728750195354,
xl,instance_7.json,data/orders_instances/test/xl/instance_7.json,OK,4,28,604,1321,0.3183981250040233,
xl,instance_8.json,data/orders_instances/test/xl/instance_8.json,OK,4,40,598,1746,0.5738254159805365,
xl,instance_9.json,data/orders_instances/test/xl/instance_9.json,OK,4,24,540,1557,0.923397374979686,
