size,cost_variant,delta_ratio,instance,cut_time_pos,delta_tjE_nobeam,accepted_over_new_nobeam,weighted_tardiness_nobeam,computing_time_nobeam,delta_tjE_beam,accepted_over_new_beam,weighted_tardiness_beam,computing_time_beam
m,same_costs_5_5,0.1,18,early,0.0,2/3,368.0,6.350085124955513,-6.0,3/3,518.0,5.376259250013391
m,same_costs_5_5,0.2,18,early,0.0,2/3,368.0,6.327716000028886,-6.0,3/3,518.0,5.436396667006193
m,same_costs_5_5,0.5,18,early,0.0,2/3,368.0,6.287641041970346,-6.0,3/3,518.0,5.401471707999008
m,same_costs_5_5,0.1,19,early,0.0,1/4,72.0,10.671647250012027,-10.0,3/4,410.0,19.286535958992317
m,same_costs_5_5,0.2,19,early,0.0,1/4,72.0,10.701792209001724,-10.0,3/4,410.0,19.36636354099028
m,same_costs_5_5,0.5,19,early,0.0,1/4,72.0,10.671367583039682,-10.0,3/4,410.0,19.505935249995673
m,diff_costs_5_5,0.1,18,early,-5.528700000000001,1/3,67.9605,7.51017129200045,-8.9423,3/3,154.9434,5.761325833009323
m,diff_costs_5_5,0.2,18,early,-5.528700000000001,1/3,67.9605,7.637025207979605,-8.9423,3/3,154.9434,5.811597374995472
m,diff_costs_5_5,0.5,18,early,19.106500000000004,2/3,127.87090000000002,6.486281457997393,-8.9423,3/3,154.9434,5.666734708007425
m,diff_costs_5_5,0.1,19,early,0.0,2/4,59.7505,15.14340845902916,-0.3077000000000041,4/4,187.5899,10.266589625010964
m,diff_costs_5_5,0.2,19,early,0.0,2/4,59.7505,15.28992329200264,-0.3077000000000041,4/4,187.5899,10.358669374982128
m,diff_costs_5_5,0.5,19,early,0.0,2/4,59.7505,15.345174124988262,-0.3077000000000041,4/4,187.5899,10.26759875001153
m,same_costs_3_7,0.1,14,middle,-4.0,6/6,569.0,3.143534666975029,-4.0,2/6,68.0,31.99528816700331
m,same_costs_3_7,0.2,14,middle,-4.0,6/6,569.0,3.2017132500186563,-4.0,2/6,68.0,32.363283999991836
m,same_costs_3_7,0.5,14,middle,-4.0,6/6,569.0,3.136503209010698,-16.0,5/6,481.0,28.667728875007015
m,diff_costs_3_7,0.1,14,middle,-3.258,6/6,173.9932,3.1511754999519326,-9.2414,5/6,117.05880000000002,28.47350033299881
m,diff_costs_3_7,0.2,14,middle,-3.258,6/6,173.9932,3.1094070830149576,-9.2414,5/6,117.05880000000002,28.615274832991417
m,diff_costs_3_7,0.5,14,middle,-3.258,6/6,173.9932,3.0757145000388846,-9.2414,5/6,117.05880000000002,28.626349541998938
m,diff_costs_7_3,0.1,1,early,0.0,0/2,244.8516,5.524258040997665,-10.0265,2/2,237.0533,7.10839404098806
m,diff_costs_7_3,0.2,1,early,0.0,0/2,244.8516,5.569767249980941,-10.0265,2/2,237.0533,7.07627745901118
m,diff_costs_7_3,0.5,1,early,90.96660000000001,1/2,353.4502,6.833678208000492,-10.0265,2/2,237.0533,7.262088624993339
m,diff_costs_7_3,0.1,1,middle,0.0,2/2,266.2072,3.4449204999837093,-3.3278,2/2,216.7478,7.112740957993083
m,diff_costs_7_3,0.2,1,middle,0.0,2/2,266.2072,3.536346458015032,-3.3278,2/2,216.7478,7.133500041993102
m,diff_costs_7_3,0.5,1,middle,0.0,2/2,266.2072,3.5240808749804273,-3.3278,2/2,216.7478,7.250187333003851
m,diff_costs_7_3,0.1,6,early,-47.62519999999999,1/3,765.9511,11.38282783399336,-6.551299999999998,2/3,728.8063,37.23975395798334
m,diff_costs_7_3,0.1,11,early,0.0,0/2,568.5151,8.232470292015933,-5.086299999999994,2/2,592.6301000000001,12.72744766701362
m,diff_costs_7_3,0.2,11,early,0.0,0/2,568.5151,8.217261042038444,-5.086299999999994,2/2,592.6301000000001,12.59344150000834
m,diff_costs_7_3,0.5,11,early,157.4605,1/2,745.0932,11.70240275003016,-5.086299999999994,2/2,592.6301000000001,12.811670916998992
m,diff_costs_7_3,0.1,14,middle,-0.47569999999999624,2/2,806.2561,4.706216958002187,-10.087699999999998,2/2,391.4822,6.406268916995032
m,diff_costs_7_3,0.2,14,middle,-0.47569999999999624,2/2,806.2561,4.635572334052995,-10.087699999999998,2/2,391.4822,6.3840162080014125
m,diff_costs_7_3,0.5,14,middle,-0.47569999999999624,2/2,806.2561,4.652698417019565,-10.087699999999998,2/2,391.4822,6.40555008299998
s,diff_costs_7_3,0.1,13,early,0.0,0/1,45.348,2.1789222500519827,-35.18,1/1,32.585,3.924913875001948
s,diff_costs_7_3,0.2,13,early,0.0,0/1,45.348,2.182842458016239,-35.18,1/1,32.585,3.8597433750110217
s,diff_costs_7_3,0.5,13,early,0.0,0/1,45.348,2.2537293329951353,-35.18,1/1,32.585,3.922201208013575
