size,cost_variant,delta_ratio,instance,cut_time_pos,nb_orders,nb_jobs,nb_new_jobs,nb_accepted_new_jobs,accepted_over_new,acceptance_ratio,cmax,total_tardiness,weighted_tardiness,obj,computing_time,delta_tjE
l,portion_of_7_3,0.1,1,early,2,20,6,4,4/6,0.67,1236,5774,3825.4085,5061.4085,3.3202941669733264,129.11899999999991
l,portion_of_7_3,0.1,1,middle,2,20,6,4,4/6,0.67,1275,5835,4022.7588,5297.7588,1.1565715830074623,325.1212
l,portion_of_7_3,0.1,1,late,2,20,6,6,6/6,1.0,1331,4430,3539.6730000000007,4870.673000000001,0.1715831250185147,53.034800000000004
l,portion_of_7_3,0.1,2,early,2,17,5,5,5/5,1.0,1162,5128,3213.5716,4375.571599999999,0.1868075840175151,-438.9045000000001
l,portion_of_7_3,0.1,2,middle,2,17,5,5,5/5,1.0,1340,6207,4044.4339,5384.4339,0.1785899579990655,307.8389
l,portion_of_7_3,0.1,2,late,2,17,5,5,5/5,1.0,1252,4127,3243.2493999999997,4495.2494,0.1106767090386711,-39.672
l,portion_of_7_3,0.1,3,early,2,20,6,6,6/6,1.0,1197,6223,3691.4287,4888.4287,0.210066125029698,41.893
l,portion_of_7_3,0.1,3,middle,2,20,6,5,5/6,0.83,1173,5504,3526.7782,4699.778200000001,0.7555762089905329,171.1635
l,portion_of_7_3,0.1,3,late,2,20,6,6,6/6,1.0,1219,4932,3211.7823999999996,4430.7824,0.1717637500260025,-153.6738
l,portion_of_7_3,0.1,4,early,2,20,6,2,2/6,0.33,707,2775,2026.3178,2733.3178,1.167547333985567,150.41450000000003
l,portion_of_7_3,0.1,4,middle,2,20,6,6,6/6,1.0,1003,4349,2512.3857999999996,3515.3857999999996,0.1539733750396408,177.8455
l,portion_of_7_3,0.1,4,late,2,20,6,6,6/6,1.0,963,3215,2176.8821999999996,3139.8821999999996,0.1348561660270206,87.15979999999999
l,portion_of_7_3,0.1,5,early,2,16,5,2,2/5,0.4,753,2300,1723.1348000000005,2476.1348000000003,0.5127478750073351,58.705600000000004
l,portion_of_7_3,0.1,5,middle,2,16,5,5,5/5,1.0,977,3543,2085.5398,3062.5398,0.1738487500115297,-4.443
l,portion_of_7_3,0.1,5,late,2,16,5,5,5/5,1.0,997,2399,1738.3727,2735.3727,0.1897635419736616,0.0
l,portion_of_7_3,0.1,6,early,2,16,5,2,2/5,0.4,866,2671,1889.0406,2755.0406000000003,0.5419514169916511,-19.064899999999994
l,portion_of_7_3,0.1,6,middle,2,16,5,5,5/5,1.0,985,2964,1952.4196,2937.4196,0.1205729999928735,0.2511000000000081
l,portion_of_7_3,0.1,6,late,2,16,5,5,5/5,1.0,1056,2166,1778.8802,2834.8802,0.0519818330067209,0.0
l,portion_of_7_3,0.1,7,early,2,19,6,3,3/6,0.5,907,4136,2854.4404,3761.4404,16.520807082997635,-22.77079999999995
l,portion_of_7_3,0.1,7,middle,2,19,6,5,5/6,0.83,1002,3983,2950.1080000000006,3952.1080000000006,0.8354153749532998,229.79180000000002
l,portion_of_7_3,0.1,7,late,2,19,6,6,6/6,1.0,1260,3013,2492.3217000000004,3752.3217,0.0825973330065608,0.0
l,portion_of_7_3,0.1,8,early,2,19,6,3,3/6,0.5,725,2368,1998.0675,2723.0675,1.7342998750391416,80.19669999999999
l,portion_of_7_3,0.1,8,middle,2,19,6,6,6/6,1.0,881,3028,2158.7459,3039.7459,0.104777708009351,96.553
l,portion_of_7_3,0.1,8,late,2,19,6,6,6/6,1.0,895,3099,2119.02,3014.02,0.0992805000278167,81.77459999999999
l,portion_of_7_3,0.1,9,early,2,18,5,4,4/5,0.8,956,3821,2450.836,3406.836,0.8213422919507138,157.1548
l,portion_of_7_3,0.1,9,middle,2,18,5,5,5/5,1.0,1107,4102,2435.8426999999997,3542.8426999999997,0.1407847920199856,8.498999999999999
l,portion_of_7_3,0.1,9,late,2,18,5,5,5/5,1.0,1062,3358,2297.273999999999,3359.273999999999,0.1255421250243671,8.498999999999999
l,portion_of_7_3,0.1,10,early,2,18,5,2,2/5,0.4,710,2419,1855.4252,2565.4252,1.5790164999780243,-3.993300000000005
l,portion_of_7_3,0.1,10,middle,2,18,5,5,5/5,1.0,927,3182,2093.6792,3020.6792,0.1372311669983901,134.8235
l,portion_of_7_3,0.1,10,late,2,18,5,5,5/5,1.0,881,2654,1899.9096,2780.9096,0.1096043749712407,4.1915000000000004
l,portion_of_7_3,0.1,11,early,2,17,5,1,1/5,0.2,788,2632,1972.2702,2760.2702,0.2846199999912642,108.34459999999997
l,portion_of_7_3,0.1,11,middle,2,17,5,5,5/5,1.0,1022,3764,2191.3607,3213.3607,0.1374088749871589,22.1032
l,portion_of_7_3,0.1,11,late,2,17,5,5,5/5,1.0,974,2801,2036.7193,3010.7193,0.1125924999942071,75.852
l,portion_of_7_3,0.1,12,early,2,19,6,1,1/6,0.17,913,3146,2622.6351999999997,3535.6351999999997,0.9089151669759304,223.38419999999994
l,portion_of_7_3,0.1,12,middle,2,19,6,6,6/6,1.0,1219,4674,2776.3878000000004,3995.3878,0.1431895410059951,4.8285
l,portion_of_7_3,0.1,12,late,2,19,6,6,6/6,1.0,1162,3416,2571.9843,3733.9843,0.1751875000190921,36.6919
l,portion_of_7_3,0.1,13,early,2,20,6,2,2/6,0.33,900,3232,2245.1879,3145.1879,0.4934358750469982,30.169499999999985
l,portion_of_7_3,0.1,13,middle,2,20,6,6,6/6,1.0,1139,4415,2607.0398,3746.0398,0.1864417909528128,123.6507
l,portion_of_7_3,0.1,13,late,2,20,6,6,6/6,1.0,1166,3856,2371.9442,3537.9442,0.1722560829948634,12.871500000000001
l,portion_of_7_3,0.1,14,early,2,20,6,3,3/6,0.5,1041,4120,2751.2794000000004,3792.2794,1.3099548330064863,200.84360000000004
l,portion_of_7_3,0.1,14,middle,2,20,6,5,5/6,0.83,1126,4855,2865.0736,3991.0736,0.9751653330167755,158.04850000000002
l,portion_of_7_3,0.1,14,late,2,20,6,6,6/6,1.0,1177,3204,2427.5080000000003,3604.508,0.1203313749865628,0.0
l,portion_of_7_3,0.1,15,early,2,15,5,0,0/5,0.0,554,1000,914.0729,1468.0729,0.4382837500306777,0.0
l,portion_of_7_3,0.1,15,middle,2,15,5,4,4/5,0.8,766,1957,1206.3614,1972.3614,0.5575067090103403,28.519600000000004
l,portion_of_7_3,0.1,15,late,2,15,5,5,5/5,1.0,842,1686,1118.9652999999998,1960.9653,0.6019444999983534,0.0
l,portion_of_7_3,0.1,16,early,2,20,6,5,5/6,0.83,1122,5643,3760.4618,4882.4618,1.2726000829716213,206.1685
l,portion_of_7_3,0.1,16,middle,2,20,6,4,4/6,0.67,1196,5900,3923.5551,5119.5551,1.6897248750319704,242.5757
l,portion_of_7_3,0.1,16,late,2,20,6,6,6/6,1.0,1325,4417,3425.9437,4750.9437,0.1311867919866927,0.0
l,portion_of_7_3,0.1,17,early,2,18,5,4,4/5,0.8,817,2962,2084.6281,2901.6281,0.7086863339645788,93.29169999999999
l,portion_of_7_3,0.1,17,middle,2,18,5,5,5/5,1.0,935,2889,2075.4949,3010.4949,0.1107503340463154,158.6529
l,portion_of_7_3,0.1,17,late,2,18,5,5,5/5,1.0,1043,2244,1808.7223000000004,2851.7223000000004,0.0510893749888055,0.0
l,portion_of_7_3,0.1,18,early,2,16,5,2,2/5,0.4,718,1856,1259.4089,1977.4089,0.3693797920132056,98.43400000000001
l,portion_of_7_3,0.1,18,middle,2,16,5,4,4/5,0.8,820,2442,1393.7503000000002,2213.7503,0.1845670420443639,50.5623
l,portion_of_7_3,0.1,18,late,2,16,5,5,5/5,1.0,838,1700,1204.9979,2042.9979,0.094031625019852,0.0
l,portion_of_7_3,0.1,19,early,2,17,5,0,0/5,0.0,638,1760,1591.1624,2229.1624,0.4041163329966366,0.0
l,portion_of_7_3,0.1,19,middle,2,17,5,5,5/5,1.0,906,3269,1915.2493,2821.2493000000004,0.0902521249954588,134.0821
l,portion_of_7_3,0.1,19,late,2,17,5,5,5/5,1.0,897,2407,1712.9426,2609.9426000000003,0.1057712500332854,27.200000000000003
l,portion_of_7_3,0.1,20,early,2,16,5,1,1/5,0.2,761,2103,1692.5674,2453.5674,0.3514350000186823,60.51579999999994
l,portion_of_7_3,0.1,20,middle,2,16,5,5,5/5,1.0,1032,2908,1707.5159999999998,2739.5159999999996,0.1276777500170283,-28.5713
l,portion_of_7_3,0.1,20,late,2,16,5,5,5/5,1.0,1055,2298,1615.9555,2670.9555,0.0699049999820999,0.0
l,portion_of_7_3,0.2,1,early,2,20,6,5,5/6,0.83,1291,5791,4129.312400000001,5420.312400000001,1.276814583980013,376.8962
l,portion_of_7_3,0.2,1,middle,2,20,6,5,5/6,0.83,1299,5896,4172.421200000001,5471.421200000001,0.5531781669706106,491.3027000000001
l,portion_of_7_3,0.2,1,late,2,20,6,6,6/6,1.0,1331,4430,3539.6730000000007,4870.673000000001,0.1175843749660998,53.034800000000004
l,portion_of_7_3,0.2,2,early,2,17,5,5,5/5,1.0,1162,5128,3213.5716,4375.571599999999,0.1790961669757962,-438.9045000000001
l,portion_of_7_3,0.2,2,middle,2,17,5,5,5/5,1.0,1340,6207,4044.4339,5384.4339,0.1735568750300444,307.8389
l,portion_of_7_3,0.2,2,late,2,17,5,5,5/5,1.0,1252,4127,3243.2493999999997,4495.2494,0.1587385419989004,-39.672
l,portion_of_7_3,0.2,3,early,2,20,6,6,6/6,1.0,1197,6223,3691.4287,4888.4287,0.2057099170051515,41.893
l,portion_of_7_3,0.2,3,middle,2,20,6,6,6/6,1.0,1239,5900,3805.6535,5044.6535,0.1658002919866703,297.7769
l,portion_of_7_3,0.2,3,late,2,20,6,6,6/6,1.0,1219,4932,3211.7823999999996,4430.7824,0.1206870000460185,-153.6738
l,portion_of_7_3,0.2,4,early,2,20,6,3,3/6,0.5,821,3538,2421.8951,3242.8951,1.4996777080232278,342.4068
l,portion_of_7_3,0.2,4,middle,2,20,6,6,6/6,1.0,1003,4349,2512.3857999999996,3515.3857999999996,0.1500382919912226,177.8455
l,portion_of_7_3,0.2,4,late,2,20,6,6,6/6,1.0,963,3215,2176.8821999999996,3139.8821999999996,0.1241094999713823,87.15979999999999
l,portion_of_7_3,0.2,5,early,2,16,5,4,4/5,0.8,951,3573,2309.3765,3260.3765,0.4656732910079881,287.713
l,portion_of_7_3,0.2,5,middle,2,16,5,5,5/5,1.0,977,3543,2085.5398,3062.5398,0.1417369580012746,-4.443
l,portion_of_7_3,0.2,5,late,2,16,5,5,5/5,1.0,997,2399,1738.3727,2735.3727,0.111962458002381,0.0
l,portion_of_7_3,0.2,6,early,2,16,5,4,4/5,0.8,916,3326,2237.8917,3153.8917,0.6033057500026189,334.95679999999993
l,portion_of_7_3,0.2,6,middle,2,16,5,5,5/5,1.0,985,2964,1952.4196,2937.4196,0.1144219579873606,0.2511000000000081
l,portion_of_7_3,0.2,6,late,2,16,5,5,5/5,1.0,1056,2166,1778.8802,2834.8802,0.0509729579789564,0.0
l,portion_of_7_3,0.2,7,early,2,19,6,5,5/6,0.83,978,4833,3321.3979000000004,4299.3979,7.487545165931806,383.589
l,portion_of_7_3,0.2,7,middle,2,19,6,5,5/6,0.83,1002,3983,2950.1080000000006,3952.1080000000006,0.7590022920048796,229.79180000000002
l,portion_of_7_3,0.2,7,late,2,19,6,6,6/6,1.0,1260,3013,2492.3217000000004,3752.3217,0.0792797909816727,0.0
l,portion_of_7_3,0.2,8,early,2,19,6,4,4/6,0.67,851,3264,2405.3506,3256.3506,1.9117102500167675,377.1372
l,portion_of_7_3,0.2,8,middle,2,19,6,6,6/6,1.0,881,3028,2158.7459,3039.7459,0.1416237499797716,96.553
l,portion_of_7_3,0.2,8,late,2,19,6,6,6/6,1.0,895,3099,2119.02,3014.02,0.1734575830050744,81.77459999999999
l,portion_of_7_3,0.2,9,early,2,18,5,4,4/5,0.8,956,3821,2450.836,3406.836,0.9256574169849046,157.1548
l,portion_of_7_3,0.2,9,middle,2,18,5,5,5/5,1.0,1107,4102,2435.8426999999997,3542.8426999999997,0.2098766670096665,8.498999999999999
l,portion_of_7_3,0.2,9,late,2,18,5,5,5/5,1.0,1062,3358,2297.273999999999,3359.273999999999,0.1527657090337015,8.498999999999999
l,portion_of_7_3,0.2,10,early,2,18,5,3,3/5,0.6,802,2912,2157.7751000000003,2959.7751000000003,1.1064853750285693,244.25940000000003
l,portion_of_7_3,0.2,10,middle,2,18,5,5,5/5,1.0,927,3182,2093.6792,3020.6792,0.1221314999856986,134.8235
l,portion_of_7_3,0.2,10,late,2,18,5,5,5/5,1.0,881,2654,1899.9096,2780.9096,0.0992034579976461,4.1915000000000004
l,portion_of_7_3,0.2,11,early,2,17,5,3,3/5,0.6,848,3332,2115.6228,2963.6228,0.6787560000084341,133.1096
l,portion_of_7_3,0.2,11,middle,2,17,5,5,5/5,1.0,1022,3764,2191.3607,3213.3607,0.1702119999681599,22.1032
l,portion_of_7_3,0.2,11,late,2,17,5,5,5/5,1.0,974,2801,2036.7193,3010.7193,0.1003107919823378,75.852
l,portion_of_7_3,0.2,12,early,2,19,6,3,3/6,0.5,1022,4199,2950.4084,3972.4084,1.0512509999680333,325.5751
l,portion_of_7_3,0.2,12,middle,2,19,6,6,6/6,1.0,1219,4674,2776.3878000000004,3995.3878,0.1900097090401686,4.8285
l,portion_of_7_3,0.2,12,late,2,19,6,6,6/6,1.0,1162,3416,2571.9843,3733.9843,0.1227804580121301,36.6919
l,portion_of_7_3,0.2,13,early,2,20,6,4,4/6,0.67,1014,4512,2540.0299,3554.0299,1.5013752919621766,124.79000000000002
l,portion_of_7_3,0.2,13,middle,2,20,6,6,6/6,1.0,1139,4415,2607.0398,3746.0398,0.1773831250029616,123.6507
l,portion_of_7_3,0.2,13,late,2,20,6,6,6/6,1.0,1166,3856,2371.9442,3537.9442,0.1599667499540373,12.871500000000001
l,portion_of_7_3,0.2,14,early,2,20,6,5,5/6,0.83,1139,5632,3395.6936,4534.6936000000005,0.6072424169979058,446.66600000000005
l,portion_of_7_3,0.2,14,middle,2,20,6,5,5/6,0.83,1126,4855,2865.0736,3991.0736,0.905507709016092,158.04850000000002
l,portion_of_7_3,0.2,14,late,2,20,6,6,6/6,1.0,1177,3204,2427.5080000000003,3604.508,0.1589954159571789,0.0
l,portion_of_7_3,0.2,15,early,2,15,5,0,0/5,0.0,554,1000,914.0729,1468.0729,0.4339430420077406,0.0
l,portion_of_7_3,0.2,15,middle,2,15,5,4,4/5,0.8,766,1957,1206.3614,1972.3614,0.5113852919894271,28.519600000000004
l,portion_of_7_3,0.2,15,late,2,15,5,5,5/5,1.0,842,1686,1118.9652999999998,1960.9653,0.555085250060074,0.0
l,portion_of_7_3,0.2,16,early,2,20,6,5,5/6,0.83,1122,5643,3760.4618,4882.4618,1.283987834001891,206.1685
l,portion_of_7_3,0.2,16,middle,2,20,6,6,6/6,1.0,1344,7705,4494.973599999999,5838.973599999999,0.2157226669951342,517.2811
l,portion_of_7_3,0.2,16,late,2,20,6,6,6/6,1.0,1325,4417,3425.9437,4750.9437,0.0797904169885441,0.0
l,portion_of_7_3,0.2,17,early,2,18,5,5,5/5,1.0,833,3185,2309.0312999999996,3142.0312999999996,0.1570076670031994,335.04089999999997
l,portion_of_7_3,0.2,17,middle,2,18,5,5,5/5,1.0,935,2889,2075.4949,3010.4949,0.107222874998115,158.6529
l,portion_of_7_3,0.2,17,late,2,18,5,5,5/5,1.0,1043,2244,1808.7223000000004,2851.7223000000004,0.0496719580260105,0.0
l,portion_of_7_3,0.2,18,early,2,16,5,3,3/5,0.6,772,2221,1389.6683,2161.6683000000003,0.4606246250332333,145.59580000000005
l,portion_of_7_3,0.2,18,middle,2,16,5,4,4/5,0.8,820,2442,1393.7503000000002,2213.7503,0.27354445803212,50.5623
l,portion_of_7_3,0.2,18,late,2,16,5,5,5/5,1.0,838,1700,1204.9979,2042.9979,0.0876875829999335,0.0
l,portion_of_7_3,0.2,19,early,2,17,5,1,1/5,0.2,686,2121,1905.9196,2591.9196,0.4235163339762948,314.48830000000004
l,portion_of_7_3,0.2,19,middle,2,17,5,5,5/5,1.0,906,3269,1915.2493,2821.2493000000004,0.0836017499677836,134.0821
l,portion_of_7_3,0.2,19,late,2,17,5,5,5/5,1.0,897,2407,1712.9426,2609.9426000000003,0.0980321670067496,27.200000000000003
l,portion_of_7_3,0.2,20,early,2,16,5,1,1/5,0.2,761,2103,1692.5674,2453.5674,0.9427087500225751,60.51579999999994
l,portion_of_7_3,0.2,20,middle,2,16,5,5,5/5,1.0,1032,2908,1707.5159999999998,2739.5159999999996,0.1253102920018136,-28.5713
l,portion_of_7_3,0.2,20,late,2,16,5,5,5/5,1.0,1055,2298,1615.9555,2670.9555,0.06424708297709,0.0
l,portion_of_7_3,0.5,1,early,2,20,6,6,6/6,1.0,1337,6692,4587.6523,5924.6523,0.2425045410054735,712.1196
l,portion_of_7_3,0.5,1,middle,2,20,6,6,6/6,1.0,1374,6576,4655.5089,6029.5089,0.1238342089927755,910.6021
l,portion_of_7_3,0.5,1,late,2,20,6,6,6/6,1.0,1331,4430,3539.6730000000007,4870.673000000001,0.118058500054758,53.034800000000004
l,portion_of_7_3,0.5,2,early,2,17,5,5,5/5,1.0,1162,5128,3213.5716,4375.571599999999,0.1816077079856768,-438.9045000000001
l,portion_of_7_3,0.5,2,middle,2,17,5,5,5/5,1.0,1340,6207,4044.4339,5384.4339,0.1728774580406025,307.8389
l,portion_of_7_3,0.5,2,late,2,17,5,5,5/5,1.0,1252,4127,3243.2493999999997,4495.2494,0.1083169169723987,-39.672
l,portion_of_7_3,0.5,3,early,2,20,6,6,6/6,1.0,1197,6223,3691.4287,4888.4287,0.2139254999929107,41.893
l,portion_of_7_3,0.5,3,middle,2,20,6,6,6/6,1.0,1239,5900,3805.6535,5044.6535,0.166026166989468,297.7769
l,portion_of_7_3,0.5,3,late,2,20,6,6,6/6,1.0,1219,4932,3211.7823999999996,4430.7824,0.1213324170093983,-153.6738
l,portion_of_7_3,0.5,4,early,2,20,6,6,6/6,1.0,955,5122,3395.6175000000003,4350.6175,0.2502688330132514,881.5109
l,portion_of_7_3,0.5,4,middle,2,20,6,6,6/6,1.0,1003,4349,2512.3857999999996,3515.3857999999996,0.1477097910246811,177.8455
l,portion_of_7_3,0.5,4,late,2,20,6,6,6/6,1.0,963,3215,2176.8821999999996,3139.8821999999996,0.1270090829930268,87.15979999999999
l,portion_of_7_3,0.5,5,early,2,16,5,5,5/5,1.0,992,4147,2564.4430999999995,3556.4430999999995,0.1108338329941034,422.0633
l,portion_of_7_3,0.5,5,middle,2,16,5,5,5/5,1.0,977,3543,2085.5398,3062.5398,0.1427989160292782,-4.443
l,portion_of_7_3,0.5,5,late,2,16,5,5,5/5,1.0,997,2399,1738.3727,2735.3727,0.1161472909734584,0.0
l,portion_of_7_3,0.5,6,early,2,16,5,5,5/5,1.0,1024,3847,2462.2316,3486.2316,0.1463182500447146,387.1449
l,portion_of_7_3,0.5,6,middle,2,16,5,5,5/5,1.0,985,2964,1952.4196,2937.4196,0.1149179160129278,0.2511000000000081
l,portion_of_7_3,0.5,6,late,2,16,5,5,5/5,1.0,1056,2166,1778.8802,2834.8802,0.055156042042654,0.0
l,portion_of_7_3,0.5,7,early,2,19,6,6,6/6,1.0,1149,6645,4244.7649,5393.7649,1.608720500022173,954.3460999999999
l,portion_of_7_3,0.5,7,middle,2,19,6,6,6/6,1.0,1136,4647,3358.7246000000005,4494.7246000000005,0.181102332950104,622.4311
l,portion_of_7_3,0.5,7,late,2,19,6,6,6/6,1.0,1260,3013,2492.3217000000004,3752.3217,0.0803022499894723,0.0
l,portion_of_7_3,0.5,8,early,2,19,6,5,5/6,0.83,839,3141,2697.7266999999993,3536.7266999999993,0.7407212919788435,776.0215
l,portion_of_7_3,0.5,8,middle,2,19,6,6,6/6,1.0,881,3028,2158.7459,3039.7459,0.1042507499805651,96.553
l,portion_of_7_3,0.5,8,late,2,19,6,6,6/6,1.0,895,3099,2119.02,3014.02,0.1416609580046497,81.77459999999999
l,portion_of_7_3,0.5,9,early,2,18,5,5,5/5,1.0,1087,4603,2875.2777,3962.2777,0.1833742909948341,505.1555
l,portion_of_7_3,0.5,9,middle,2,18,5,5,5/5,1.0,1107,4102,2435.8426999999997,3542.8426999999997,0.1326968750217929,8.498999999999999
l,portion_of_7_3,0.5,9,late,2,18,5,5,5/5,1.0,1062,3358,2297.273999999999,3359.273999999999,0.1208620420075021,8.498999999999999
l,portion_of_7_3,0.5,10,early,2,18,5,4,4/5,0.8,819,3051,2199.1258000000003,3018.1258000000003,0.7971827499568462,283.8873
l,portion_of_7_3,0.5,10,middle,2,18,5,5,5/5,1.0,927,3182,2093.6792,3020.6792,0.1234687499818392,134.8235
l,portion_of_7_3,0.5,10,late,2,18,5,5,5/5,1.0,881,2654,1899.9096,2780.9096,0.0977949170046486,4.1915000000000004
l,portion_of_7_3,0.5,11,early,2,17,5,4,4/5,0.8,988,3916,2616.932,3604.932,0.3582973330048844,505.2788
l,portion_of_7_3,0.5,11,middle,2,17,5,5,5/5,1.0,1022,3764,2191.3607,3213.3607,0.1226779579883441,22.1032
l,portion_of_7_3,0.5,11,late,2,17,5,5,5/5,1.0,974,2801,2036.7193,3010.7193,0.1040431669680401,75.852
l,portion_of_7_3,0.5,12,early,2,19,6,4,4/6,0.67,1030,4551,3407.520400000001,4437.520400000001,3.932714333990589,882.3659
l,portion_of_7_3,0.5,12,middle,2,19,6,6,6/6,1.0,1219,4674,2776.3878000000004,3995.3878,0.1428857499849982,4.8285
l,portion_of_7_3,0.5,12,late,2,19,6,6,6/6,1.0,1162,3416,2571.9843,3733.9843,0.1229236670187674,36.6919
l,portion_of_7_3,0.5,13,early,2,20,6,6,6/6,1.0,1124,5862,3355.214099999999,4479.214099999999,0.1399305000086315,814.5145
l,portion_of_7_3,0.5,13,middle,2,20,6,6,6/6,1.0,1139,4415,2607.0398,3746.0398,0.2255510410177521,123.6507
l,portion_of_7_3,0.5,13,late,2,20,6,6,6/6,1.0,1166,3856,2371.9442,3537.9442,0.1655056659947149,12.871500000000001
l,portion_of_7_3,0.5,14,early,2,20,6,6,6/6,1.0,1206,6524,3749.7299,4955.7299,0.1386432499857619,822.2006999999999
l,portion_of_7_3,0.5,14,middle,2,20,6,6,6/6,1.0,1246,5875,3740.4896,4986.4896,0.1971407090313732,973.1646000000001
l,portion_of_7_3,0.5,14,late,2,20,6,6,6/6,1.0,1177,3204,2427.5080000000003,3604.508,0.1148662089835852,0.0
l,portion_of_7_3,0.5,15,early,2,15,5,2,2/5,0.4,713,2271,1545.8182,2258.8181999999997,1.583010708040092,396.9894
l,portion_of_7_3,0.5,15,middle,2,15,5,5,5/5,1.0,818,2256,1418.5616000000002,2236.5616,0.1280787499854341,205.03459999999998
l,portion_of_7_3,0.5,15,late,2,15,5,5,5/5,1.0,842,1686,1118.9652999999998,1960.9653,0.5523008330492303,0.0
l,portion_of_7_3,0.5,16,early,2,20,6,6,6/6,1.0,1240,7150,4552.681,5792.681,0.250234208011534,705.1044999999999
l,portion_of_7_3,0.5,16,middle,2,20,6,6,6/6,1.0,1344,7705,4494.973599999999,5838.973599999999,0.2219950000289827,517.2811
l,portion_of_7_3,0.5,16,late,2,20,6,6,6/6,1.0,1325,4417,3425.9437,4750.9437,0.0823592499946244,0.0
l,portion_of_7_3,0.5,17,early,2,18,5,5,5/5,1.0,833,3185,2309.0312999999996,3142.0312999999996,0.1613731250399723,335.04089999999997
l,portion_of_7_3,0.5,17,middle,2,18,5,5,5/5,1.0,935,2889,2075.4949,3010.4949,0.1538017080165445,158.6529
l,portion_of_7_3,0.5,17,late,2,18,5,5,5/5,1.0,1043,2244,1808.7223000000004,2851.7223000000004,0.0501078750239685,0.0
l,portion_of_7_3,0.5,18,early,2,16,5,4,4/5,0.8,871,2831,1696.9414000000002,2567.9414,0.3121169999940321,379.6334
l,portion_of_7_3,0.5,18,middle,2,16,5,5,5/5,1.0,935,3132,1840.272,2775.272,0.0863119169953279,459.33209999999997
l,portion_of_7_3,0.5,18,late,2,16,5,5,5/5,1.0,838,1700,1204.9979,2042.9979,0.0938491669949144,0.0
l,portion_of_7_3,0.5,19,early,2,17,5,4,4/5,0.8,886,3743,2353.8353999999995,3239.8353999999995,0.7357447079848498,575.1950000000002
l,portion_of_7_3,0.5,19,middle,2,17,5,5,5/5,1.0,906,3269,1915.2493,2821.2493000000004,0.0862220000126399,134.0821
l,portion_of_7_3,0.5,19,late,2,17,5,5,5/5,1.0,897,2407,1712.9426,2609.9426000000003,0.1436879580141976,27.200000000000003
l,portion_of_7_3,0.5,20,early,2,16,5,4,4/5,0.8,959,3585,2331.1904999999997,3290.1904999999997,0.4745461249840446,621.9579
l,portion_of_7_3,0.5,20,middle,2,16,5,5,5/5,1.0,1032,2908,1707.5159999999998,2739.5159999999996,0.1685143749928102,-28.5713
l,portion_of_7_3,0.5,20,late,2,16,5,5,5/5,1.0,1055,2298,1615.9555,2670.9555,0.0626781660248525,0.0
